Año,Accesos por cada 100 hogares,Tasa accesos,tendencia_usuarios
2014,3742.22,,Bajo
2015,3971.25,6.120163966843217,Aumento
2016,4042.28,1.788605602769914,Aumento
2017,4306.21,6.529235975736461,Aumento
2018,4893.93,13.648196441882776,Aumento
2019,5407.72,10.498515507986422,Aumento
2020,5649.54,4.471755194425741,Aumento
2021,6230.88,10.29004131309806,Aumento
2022,5080.84,-18.457103972472588,Bajo
